"Zipcode","Fair health","Poor health","Harmful Guards","Helpful Guards","Sidewalk Damage","rootstone","rootgrate","rootother","trunkwire","trnklight","trnkother","brchlight","brchshoe","brchother"
10001,0.118138424821002,0.0369928400954654,0,0,0.180190930787589,0.930787589498807,0.949880668257757,0.928400954653938,0,0.996420047732697,0.95346062052506,0.990453460620525,1,0.947494033412888
10002,0.170278637770898,0.0513047324192835,0,0,0.168067226890756,0.833259619637329,0.978770455550641,0.955771782397169,0,0.998673153471915,0.947368421052632,0.993808049535604,0.996904024767802,0.949579831932773
10003,0.178921568627451,0.05,0,0,0.26078431372549,0.793627450980392,0.963235294117647,0.967156862745098,0,0.995588235294118,0.92843137254902,0.983333333333333,0.997058823529412,0.925980392156863
10004,0.168316831683168,0.0297029702970297,0,0,0.0396039603960396,0.871287128712871,0.97029702970297,1,0,1,1,1,1,1
10005,0.395833333333333,0.0972222222222222,0,0,0.0347222222222222,0.965277777777778,0.638888888888889,0.902777777777778,0,1,0.986111111111111,0.993055555555556,1,0.986111111111111
10006,0.147058823529412,0,0,0,0.137254901960784,0.764705882352941,1,0.970588235294118,0,1,0.990196078431373,0.990196078431373,0.990196078431373,0.941176470588235
10007,0.106598984771574,0.0287648054145516,0,0,0.0321489001692047,0.901861252115059,0.969543147208122,0.912013536379019,0,1,0.972927241962775,0.998307952622673,1,0.991539763113367
10009,0.159473684210526,0.0457894736842105,0,0,0.136315789473684,0.856842105263158,0.98,0.973684210526316,0,0.995789473684211,0.964736842105263,0.987368421052632,0.998421052631579,0.965789473684211
10010,0.114735658042745,0.0359955005624297,0,0,0.158605174353206,0.823397075365579,0.967379077615298,0.967379077615298,0,0.99437570303712,0.946006749156355,0.989876265466817,1,0.90888638920135
10011,0.0899031811894882,0.0350391885661595,0,0,0.180267404333794,0.910096818810512,0.951129552789304,0.972798524665745,0,0.999538958045182,0.977408944213923,0.997694790225911,0.999538958045182,0.970493314891655
10012,0.222116301239276,0.0629170638703527,0,0,0.223069590085796,0.674928503336511,0.990467111534795,0.882745471877979,0,0.995233555767397,0.869399428026692,0.972354623450906,0.996186844613918,0.876072449952336
10013,0.225143796220214,0.0747740345110929,0,0,0.118323746918652,0.814297452752671,0.963845521774856,0.931799506984388,0,0.995891536565325,0.889893179950698,0.981101068200493,1,0.935086277732128
10014,0.178183229813665,0.0485248447204969,0,0,0.236024844720497,0.774844720496894,0.968944099378882,0.911490683229814,0,0.994953416149068,0.921195652173913,0.990683229813665,0.998835403726708,0.912267080745342
10016,0.238829787234043,0.0718085106382979,0,0,0.35,0.803723404255319,0.925531914893617,0.879255319148936,0,0.990957446808511,0.888297872340426,0.974468085106383,0.998936170212766,0.823404255319149
10017,0.193127962085308,0.0627962085308057,0,0,0.208530805687204,0.745260663507109,0.861374407582938,0.873222748815166,0,0.991706161137441,0.917061611374408,0.979857819905213,1,0.866113744075829
10018,0.0679611650485437,0.0349514563106796,0,0,0.0640776699029126,0.974757281553398,0.966990291262136,0.869902912621359,0,0.996116504854369,0.994174757281553,0.988349514563107,1,0.970873786407767
10019,0.254545454545455,0.0639296187683285,0,0,0.204692082111437,0.8158357771261,0.839882697947214,0.84692082111437,0,0.990615835777126,0.851026392961877,0.989442815249267,0.997653958944282,0.888563049853372
10020,0.243697478991597,0.0168067226890756,0,0,0.277310924369748,0.823529411764706,0.184873949579832,0.80672268907563,0,1,0.991596638655462,1,1,0.991596638655462
10021,0.186346863468635,0.0931734317343173,0,0,0.3809963099631,0.856549815498155,0.921125461254613,0.850553505535055,0,0.997693726937269,0.819188191881919,0.973247232472325,0.999538745387454,0.580258302583026
10022,0.195223880597015,0.0561194029850746,0,0,0.258507462686567,0.677014925373134,0.878805970149254,0.882985074626866,0,0.982089552238806,0.804179104477612,0.965970149253731,0.999402985074627,0.874626865671642
10023,0.167100855973204,0.0271678451804987,0,0,0.176777074804615,0.831410494975809,0.951246743580201,0.905842947525121,0,0.987346483066617,0.911425381466319,0.99032378116859,0.999255675474507,0.905842947525121
10024,0.106785617734523,0.0281157069478237,0,0,0.121113814544471,0.871046228710462,0.965666396323331,0.974587726412544,0,0.998918626655853,0.961340902946742,0.996755879967559,1,0.974858069748581
10025,0.144824069352371,0.0512493625701173,0,0,0.218510963793983,0.831718510963794,0.992860785313616,0.960734319224885,0,0.994390617032127,0.956144824069352,0.992350841407445,0.999235084140744,0.947220805711372
10026,0.20708446866485,0.0566757493188011,0,0,0.232152588555858,0.790190735694823,0.992370572207084,0.917711171662125,0,0.997275204359673,0.90408719346049,0.982016348773842,0.999455040871935,0.909536784741144
10027,0.148537627341439,0.0614525139664804,0,0,0.180085441998028,0.866579033848176,0.989155438711798,0.95662175484719,0,0.99375616168255,0.934275386132106,0.989155438711798,0.999671376930661,0.94413407821229
10028,0.192450824029771,0.0723019670388091,0,0,0.33705475810739,0.748538011695906,0.971823498139288,0.870813397129187,0,0.997341839447103,0.883040935672515,0.987772461456672,1,0.73418394471026
10029,0.223689640940982,0.0499380932728023,0,0,0.354519191085431,0.703260420965745,0.985142385472555,0.853487412298803,0,0.995047461824185,0.852661989269501,0.985967808501857,0.999174576970697,0.850185720181593
10030,0.154362416107383,0.0275913497390007,0,0,0.306487695749441,0.748695003728561,1,0.910514541387025,0,0.997762863534676,0.901565995525727,0.980611483967189,0.999254287844892,0.905294556301268
10031,0.162172573189522,0.049306625577812,0,0,0.244607087827427,0.801232665639445,0.996147919876733,0.948767334360555,0,0.99653312788906,0.925654853620955,0.989984591679507,0.998459167950693,0.935285053929122
10032,0.188543076229138,0.0780333784393324,0,0,0.185385656292287,0.847090663058187,0.994587280108254,0.955345060893099,0,0.987821380243572,0.929634641407307,0.984212900315742,0.998646820027064,0.941362201172756
10033,0.211224489795918,0.0704081632653061,0,0,0.321938775510204,0.753571428571429,0.990816326530612,0.907142857142857,0,0.993877551020408,0.881632653061225,0.973469387755102,1,0.904081632653061
10034,0.240611075747931,0.0732017823042648,0,0,0.0700190961171229,0.695098663271801,0.992361553150859,0.917886696371738,0,0.99618077657543,0.954169318905156,0.988542329726289,1,0.974538510502864
10035,0.145273631840796,0.0691542288557214,0,0,0.290049751243781,0.790049751243781,0.980099502487562,0.91592039800995,0,0.998507462686567,0.914427860696517,0.99452736318408,0.999502487562189,0.913432835820896
10036,0.18098510882016,0.0687285223367698,0,0,0.302405498281787,0.783505154639175,0.877434135166094,0.945017182130584,0,0.990836197021764,0.916380297823597,0.988545246277205,0.997709049255441,0.936998854524628
10037,0.164520743919886,0.0472103004291846,0,0,0.240343347639485,0.723891273247496,0.985693848354793,0.987124463519313,0,1,0.927038626609442,0.997138769670958,0.995708154506438,0.935622317596567
10038,0.227621483375959,0.0485933503836317,0,0,0.0767263427109974,0.90537084398977,0.964194373401535,0.9923273657289,0,1,0.989769820971867,0.997442455242967,1,0.974424552429668
10039,0.114856429463171,0.0199750312109863,0,0,0.243445692883895,0.744069912609238,0.975031210986267,0.975031210986267,0,1,0.951310861423221,0.998751560549313,1,0.945068664169788
10040,0.214104193138501,0.0641677255400254,0,0,0.251588310038119,0.769377382465057,0.998094027954257,0.901524777636595,0,0.991740787801779,0.862134688691233,0.974587039390089,0.998094027954257,0.923761118170267
10044,0.309090909090909,0.0363636363636364,0,0,0.109090909090909,1,1,1,0,1,0.963636363636364,0.981818181818182,1,1
10065,0.236077481840194,0.0726392251815981,0,0,0.286924939467312,0.765133171912833,0.935230024213075,0.863801452784504,0,0.993946731234867,0.876513317191283,0.971549636803874,1,0.752421307506053
10075,0.167892156862745,0.0882352941176471,0,0,0.394607843137255,0.802696078431373,0.952205882352941,0.840686274509804,0,0.995098039215686,0.841911764705882,0.979166666666667,0.998774509803922,0.637254901960784
10128,0.184161199625117,0.0646672914714152,0,0,0.350046860356139,0.826148078725398,0.955951265229616,0.940487347703843,0,0.997188378631678,0.919868791002812,0.990159325210872,0.999531396438613,0.878163074039363
10280,0.113247863247863,0.0405982905982906,0,0,0.00427350427350427,0.997863247863248,0.987179487179487,0.987179487179487,0,1,0.991452991452991,1,1,0.993589743589744
10301,0.128092172145036,0.0357505930193155,0,0,0.271941714672992,0.900203320908167,0.999830565909861,0.969501863774991,0,0.999830565909861,0.979667909183328,0.880379532361911,0.999661131819722,0.98881735005083
10302,0.0720562390158172,0.0289982425307557,0,0,0.266695957820738,0.964850615114236,0.999560632688928,0.984622144112478,0,0.999121265377856,0.993848857644991,0.951669595782074,1,0.991652021089631
10303,0.174366099340049,0.0684265369920111,0,0,0.184439041333796,0.976728030566169,0.999652657172629,0.989579715178882,0,0.999652657172629,0.985758944077805,0.975686002084057,1,0.991316429315735
10304,0.124510971253615,0.0341894880081647,0,0,0.279469297499575,0.910869195441402,1,0.976356523218234,0,0.999319612178942,0.982820207518285,0.914101037591427,1,0.985371661847253
10305,0.129955290611028,0.0350223546944858,0,0,0.240387481371088,0.919374068554396,0.999850968703428,0.967064083457526,0,0.999403874813711,0.98166915052161,0.928464977645306,0.999701937406855,0.987034277198212
10306,0.142983799468042,0.0297412750866446,0,0,0.234303215926493,0.859837188683808,0.999919400338519,0.968404932699283,0,0.998468606431853,0.968082534053357,0.828403320706053,0.999758201015556,0.977029096477795
10307,0.110499410145497,0.0340149429807314,0,0,0.171254423908769,0.924891860007865,1,0.986826582776249,0,0.998820290994888,0.987416437278805,0.934919386551317,1,0.987809673613842
10308,0.178846153846154,0.0494082840236686,0,0,0.269674556213018,0.872633136094675,0.999852071005917,0.988313609467456,0,0.997485207100592,0.989644970414201,0.926775147928994,1,0.991715976331361
10309,0.122970244887211,0.04783639076626,0,0,0.174229790222066,0.951549196875274,1,0.991749319757746,0,0.9997366804178,0.984025278679891,0.897217589748091,1,0.990081629070482
10310,0.0694324402189571,0.017574186113512,0,0,0.276865456640738,0.922788821665226,0.997695188706425,0.976951887064247,0,0.999423797176606,0.985306828003457,0.836358398156151,1,0.985306828003457
10312,0.166902939230697,0.0498062564974955,0,0,0.181551838200548,0.941687931197429,0.999905490974388,0.985965409696626,0,0.998818637179851,0.983744447594745,0.925479633304981,0.999952745487194,0.987713826670447
10314,0.139078714249557,0.0404960769425462,0,0,0.2513920526449,0.918628195393571,0.999746899519109,0.97310807390534,0,0.999620349278664,0.984371045304986,0.952353834472285,0.999810174639332,0.992090609972159
10451,0.184565128623928,0.0751327072274398,0,0,0.236423029808085,0.762351980400163,0.994283380971825,0.939567170273581,0,0.999183340138832,0.895467537770519,0.981625153123724,0.998775010208248,0.918334013883218
10452,0.173140620295092,0.0517916290274014,0,0,0.263775971093044,0.714543812104788,0.984643179765131,0.935260463715748,0,0.997591087021981,0.937970490816019,0.964468533574225,0.996386630532972,0.9418849744053
10453,0.171593611960584,0.0339789330615019,0,0,0.287121984369691,0.795786612300374,0.9932042133877,0.950730547060822,0,0.998980632008155,0.951749915052667,0.978933061501869,0.99728168535508,0.958205912334353
10454,0.171493469619534,0.0340715502555366,0,0,0.391822827938671,0.640545144804089,0.987507098239637,0.907438955139126,0,0.997160704145372,0.906303236797274,0.922203293583191,0.998864281658149,0.894946053378762
10455,0.141400092721372,0.0403337969401947,0,0,0.246175243393602,0.789986091794159,0.986555401019935,0.96105702364395,0,0.999072786277237,0.958738989337042,0.966156699119147,1,0.972183588317107
10456,0.129435282358821,0.044727636181909,0,0,0.233383308345827,0.783858070964518,0.995752123938031,0.942528735632184,0,0.99800099950025,0.90279860069965,0.959770114942529,0.998250874562719,0.946276861569215
10457,0.220185728250244,0.0657380254154448,0,0,0.290566959921799,0.791300097751711,0.996578690127077,0.95405669599218,0,0.999755620723363,0.949902248289345,0.948680351906158,0.998533724340176,0.944281524926686
10458,0.148816568047337,0.0428994082840237,0,0,0.356804733727811,0.755029585798817,0.988757396449704,0.94792899408284,0,0.998224852071006,0.946745562130177,0.960650887573965,0.997337278106509,0.945562130177515
10459,0.124387855044074,0.0284035259549461,0,0,0.356186745021221,0.844923277832191,0.991511589944499,0.983023179888998,0,0.999673522690173,0.986287952987267,0.959843290891283,0.998041136141038,0.986287952987267
10460,0.124962541204675,0.0353611027869344,0,0,0.275696733593048,0.795325142343422,1,0.935271201678154,0,0.999400659274798,0.950254719808211,0.93676955349116,0.998201977824393,0.970032963739886
10461,0.0786867204695525,0.0273294203961849,0,0,0.328319882611886,0.827035950110051,0.9994497432135,0.973037417461482,0,0.999082905355833,0.988444607483492,0.860601614086574,1,0.990829053558327
10462,0.100874084573588,0.0285849279470824,0,0,0.228915662650602,0.897944720056697,0.992912827781715,0.993621545003544,0,0.999527521852114,0.983463264824002,0.906921804866525,0.999763760926057,0.996220174816915
10463,0.134785005512679,0.0427232635060639,0,0,0.254685777287762,0.752480705622933,0.997519294377067,0.953417861080485,0,0.999173098125689,0.948732083792723,0.912072767364939,0.998897464167585,0.971609702315325
10464,0.1241768579492,0.0338664158043274,0,0,0.226716839134525,0.849482596425212,1,0.971777986829727,0,0.992474129821261,0.988711194731891,0.857008466603951,1,0.994355597365945
10465,0.0885587497588269,0.0248890603897357,0,0,0.284970094539842,0.825583638819217,1,0.969322786031256,0,0.999421184642099,0.986687246768281,0.876133513409222,0.999421184642099,0.99305421570519
10466,0.0968953925252126,0.0292663634565948,0,0,0.307494561993277,0.791378287522246,0.999604508601938,0.934743919319755,0,1,0.954122997824797,0.830729681629425,0.999406762902907,0.95273877793158
10467,0.122839363908735,0.0373357916570638,0,0,0.292924637013137,0.771145425213183,0.99723438580318,0.942152569716525,0,0.998847660751325,0.953906430053008,0.891219174925098,0.998386725051855,0.955980640700622
10468,0.153252850435949,0.0295103957075788,0,0,0.248155600268276,0.793427230046948,0.995640509725017,0.940979208584842,0,0.99832327297116,0.95271629778672,0.974178403755869,0.997652582159624,0.980885311871227
10469,0.108572281959379,0.0312126642771804,0,0,0.247909199522103,0.854091995221028,0.999551971326165,0.984767025089606,0,0.999850657108722,0.970878136200717,0.723715651135006,0.999701314217443,0.988201911589008
10470,0.127965492451474,0.0373831775700935,0,0,0.323508267433501,0.753414809489576,0.999281092739037,0.970524802300503,0,0.999281092739037,0.971243709561467,0.829618979151689,0.999281092739037,0.992092020129403
10471,0.138251366120219,0.0234972677595628,0,0,0.27431693989071,0.815300546448087,0.999453551912568,0.878688524590164,0,0.998907103825137,0.947540983606557,0.827322404371585,0.999453551912568,0.973224043715847
10472,0.101381134293271,0.0296796943873053,0,0,0.300029385836027,0.859829562151043,0.998824566558919,0.960622979723773,0,0.998824566558919,0.99147810755216,0.962092271525125,0.999118424919189,0.99118424919189
10473,0.102855816113304,0.0278616206175993,0,0,0.194799164151381,0.87717668911075,0.999767819828187,0.986997910378454,0,1,0.979103784536801,0.916647318319016,0.998839099140933,0.986533550034827
10474,0.126592049401775,0.0420686993438827,0,0,0.237746043998456,0.915476649942107,0.999228097259745,0.972983404091085,0,0.999228097259745,0.964492473948283,0.945580856812042,0.999228097259745,0.979930528753377
10475,0.134048257372654,0.0235924932975871,0,0,0.174798927613941,0.831635388739946,1,0.980160857908847,0,1,0.993565683646113,0.949597855227882,0.999463806970509,0.996246648793566
10550,0.137931034482759,0.0344827586206897,0,0,0.586206896551724,0.793103448275862,1,0.689655172413793,0,1,0.862068965517241,0.620689655172414,1,0.862068965517241
10704,0.0833333333333333,0,0,0,0.5,0.5,1,1,0,1,0.916666666666667,0.75,1,0.916666666666667
10705,0.25,0,0,0,0.125,0.625,1,1,0,1,0.875,0.75,1,1
10803,0.0238095238095238,0,0,0,0.0476190476190476,1,1,1,0,1,0.952380952380952,0.976190476190476,1,0.976190476190476
11001,0.160493827160494,0.222222222222222,0,0,0.111111111111111,0.91358024691358,1,1,0,1,1,0.950617283950617,1,1
11004,0.222910216718266,0.0402476780185759,0,0,0.281733746130031,0.851393188854489,1,0.979876160990712,0,1,0.992260061919505,0.962848297213622,1,0.989164086687306
11005,0,0,0,0,0.1875,1,1,1,0,1,1,1,1,1
11040,0.152941176470588,0.0470588235294118,0,0,0.141176470588235,0.952941176470588,1,0.988235294117647,0,1,1,0.929411764705882,1,1
11096,0,0,0,0,0,1,1,1,0,1,1,1,1,1
11101,0.182457212713936,0.0583740831295844,0,0,0.214853300733496,0.829462102689487,0.998777506112469,0.953545232273839,0,0.997860635696821,0.958129584352078,0.931234718826406,0.999388753056235,0.96179706601467
11102,0.1525,0.049375,0,0,0.36375,0.7475,0.999375,0.945625,0,0.9975,0.965,0.880625,0.99875,0.975
11103,0.131968145620023,0.0358361774744027,0,0,0.351535836177474,0.701365187713311,0.999431171786121,0.895904436860068,0,0.994311717861206,0.908418657565415,0.907281001137656,0.997724687144482,0.956200227531286
11104,0.191556395715186,0.0422180214240706,0,0,0.310018903591682,0.664146187775677,0.997479521109011,0.987397605545054,0,0.997479521109011,0.977945809703844,0.953371140516698,1,0.960302457466919
11105,0.138558986539984,0.0327263130113486,0,0,0.388493006070203,0.604381103193455,1,0.951702296120348,0,0.996569015571391,0.976774874637107,0.788862496700977,0.999736078120876,0.981525468461335
11106,0.11825860948668,0.0331384015594542,0,0,0.305393112410656,0.719948018193632,0.996751137102014,0.964262508122157,0,0.997400909681611,0.948667966211826,0.877842755035737,0.997400909681611,0.972059779077323
11109,0.0740740740740741,0.037037037037037,0,0,0.037037037037037,1,1,1,0,1,1,1,1,1
11201,0.210240679565833,0.0396413402548372,0,0,0.329872581406324,0.68546484190656,0.994100991033506,0.930627654554035,0,0.996932515337423,0.913874469089193,0.984426616328457,1,0.911042944785276
11203,0.154910096818811,0.0650069156293223,0,0,0.268326417704011,0.684647302904564,1,0.951590594744122,0,1,0.934993084370678,0.871369294605809,0.998616874135546,0.976486860304288
11204,0.128952772073922,0.0509240246406571,0,0,0.417248459958932,0.567967145790554,0.99958932238193,0.952361396303901,0,0.998357289527721,0.947843942505133,0.970431211498973,0.99958932238193,0.963860369609856
11205,0.117769454848107,0.0241364960466084,0,0,0.397003745318352,0.66167290886392,1,0.774032459425718,0,0.999583853516438,0.802746566791511,0.979192675821889,0.997503121098627,0.7632126508531
11206,0.176651735722284,0.0333146696528555,0,0,0.298712206047032,0.652295632698768,0.998040313549832,0.901735722284434,0,0.999720044792833,0.880739081746921,0.97060470324748,0.997480403135498,0.867861142217245
11207,0.163872691933916,0.0405733722060253,0,0,0.289844509232264,0.788751214771623,0.998542274052478,0.952259475218659,0,0.999028182701652,0.959912536443149,0.877065111758989,0.998785228377065,0.96379980563654
11208,0.128385032003939,0.0478828163466273,0,0,0.192885278188085,0.887124569177745,0.999876907927129,0.979074347612014,0,0.999753815854259,0.979074347612014,0.864721811915313,0.999261447562777,0.991875923190547
11209,0.198481561822126,0.0433839479392625,0,0,0.203904555314534,0.739696312364425,1,0.940347071583514,0,0.995661605206074,0.988069414316703,0.960954446854664,1,0.967462039045553
11210,0.118937157317588,0.0522986081822016,0,0,0.341206242091944,0.70223534373682,0.995360607338676,0.946014339940953,0,0.998734711092366,0.901307465204555,0.815689582454661,0.999578237030789,0.949810206663855
11211,0.106437926581811,0.0265633646928611,0,0,0.25936174137613,0.713152554879174,0.998524257517063,0.94484412470024,0,0.996310643792658,0.942999446596569,0.972698764065671,0.999262128758532,0.95941708171924
11212,0.137055837563452,0.0413343002175489,0,0,0.327048585931835,0.823060188542422,0.995649021029732,0.892675852066715,0,1,0.955039883973894,0.821609862218999,0.998549673676577,0.962291515591008
11213,0.196885428253615,0.0328142380422692,0,0,0.255839822024472,0.746941045606229,0.99944382647386,0.958286985539488,0,1,0.937708565072303,0.993325917686318,0.99944382647386,0.96384872080089
11214,0.179416620803522,0.0297193175564117,0,0,0.314804623004953,0.632361034672537,0.998899284534948,0.930654925701706,0,0.998348926802422,0.955421023665383,0.835443037974684,1,0.959273527793066
11215,0.142268748927407,0.0392998112236142,0,0,0.371889480006865,0.738973742920886,0.99656770207654,0.92363137120302,0,0.997769006349751,0.925175905268577,0.991590870087524,0.999656770207654,0.932726960700189
11216,0.168365086397873,0.0319007532122286,0,0,0.283119184758529,0.715551617190961,0.997784669915817,0.90739920248117,0,0.996012405848471,0.919805050952592,0.98094816127603,0.998227735932654,0.913159060700044
11217,0.193986420950533,0.0387972841901067,0,0,0.411251212415131,0.667313288069835,0.984157775622373,0.907856450048497,0,0.995150339476237,0.883931458131264,0.984157775622373,0.997090203685742,0.912059489169092
11218,0.147330389401847,0.0413488558811722,0,0,0.270975511842633,0.81493376154155,0.998394219189081,0.948615014050582,0,0.99919710959454,0.970293054997993,0.990365315134484,1,0.97591328783621
11219,0.181272509003601,0.0540216086434574,0,0,0.34093637454982,0.637454981992797,1,0.890756302521008,0,1,0.957983193277311,0.843937575030012,0.997599039615846,0.974789915966387
11220,0.136758893280632,0.0466403162055336,0,0,0.388142292490119,0.592885375494071,1,0.911462450592885,0,0.997628458498024,0.924110671936759,0.951778656126482,0.998418972332016,0.93596837944664
11221,0.129728132387707,0.0236406619385343,0,0,0.390366430260047,0.622635933806147,0.990248226950355,0.863475177304965,0,0.999113475177305,0.851654846335697,0.981382978723404,0.997044917257683,0.87677304964539
11222,0.13755364806867,0.0390557939914163,0,0,0.24549356223176,0.705793991416309,0.999570815450644,0.979184549356223,0,0.99656652360515,0.977682403433476,0.953218884120172,0.999141630901288,0.97618025751073
11223,0.180335968379447,0.0454545454545455,0,0,0.326086956521739,0.764575098814229,0.999505928853755,0.973073122529644,0,1,0.959733201581028,0.913784584980237,1,0.975049407114625
11224,0.246009906439185,0.0594386351128233,0,0,0.217941662080352,0.907539900935608,1,0.980737479361585,0,0.998899284534948,0.969179966978536,0.976884975233902,1,0.980737479361585
11225,0.269544924154026,0.0233372228704784,0,0,0.301050175029172,0.696616102683781,1,0.945157526254376,0,0.998833138856476,0.919486581096849,0.99416569428238,1,0.956826137689615
11226,0.128123580190822,0.040436165379373,0,0,0.279872785097683,0.832348932303498,0.998636983189459,0.978191731031349,0,1,0.970013630168105,0.990913221263062,1,0.983643798273512
11228,0.213395638629283,0.0685358255451713,0,0,0.431464174454829,0.560747663551402,1,0.889408099688474,0,0.996884735202492,0.947040498442368,0.73208722741433,0.995327102803738,0.948598130841122
11229,0.148411288731005,0.0550621669626998,0,0,0.335504243141899,0.798105387803434,0.999605289125715,0.981843299782909,0,1,0.97414643773436,0.907637655417407,0.999802644562858,0.97592263666864
11230,0.17089762734362,0.0570764891322383,0,0,0.276422764227642,0.798075327692052,0.999170399867264,0.982080637132902,0,1,0.955699352911896,0.9732868757259,0.999502239920358,0.975443836071014
11231,0.173756740563211,0.0536249251048532,0,0,0.37567405632115,0.688436189334931,0.995206710605153,0.895745955662073,0,0.998202516476932,0.931096464949071,0.940383463151588,0.999700419412822,0.942780107849011
11232,0.15839243498818,0.0449172576832151,0,0,0.284869976359338,0.862884160756501,0.997635933806147,0.963356973995272,0,0.998817966903073,0.953900709219858,0.973995271867612,1,0.973995271867612
11233,0.18011811023622,0.031003937007874,0,0,0.381397637795276,0.681102362204724,0.992125984251969,0.927657480314961,0,0.998031496062992,0.901574803149606,0.977854330708661,1,0.953248031496063
11234,0.149015932521087,0.0457357075913777,0,0,0.299531396438613,0.761574507966261,0.99962511715089,0.957450796626054,0,0.999250234301781,0.940018744142455,0.80037488284911,0.999250234301781,0.963636363636364
11235,0.264518695306285,0.0511137629276054,0,0,0.21678599840891,0.821599045346062,0.998210023866348,0.982299124900557,0,0.998210023866348,0.976929196499602,0.961614956245028,0.999403341288783,0.980310262529833
11236,0.231306306306306,0.0675675675675676,0,0,0.423873873873874,0.670045045045045,1,0.961711711711712,0,0.998873873873874,0.961261261261261,0.83490990990991,0.99954954954955,0.954279279279279
11237,0.236525785188057,0.0787126793330748,0,0,0.267933307483521,0.702985653354013,0.998061264055836,0.878635129895308,0,0.999612252811167,0.888716556804963,0.917022101589763,0.996122528111671,0.907328421868941
11238,0.15633343221596,0.0347078018392169,0,0,0.312963512310887,0.722337585286265,0.996440225452388,0.922871551468407,0,0.998813408484129,0.903886087214476,0.98605754968852,0.997923464847226,0.943043607238208
11239,0.124352331606218,0.0708117443868739,0,0,0.0898100172711572,0.889464594127807,1,1,0,1,0.996545768566494,0.977547495682211,1,0.998272884283247
11251,0.232142857142857,0.267857142857143,0,0,0.0178571428571429,1,1,0.982142857142857,0,1,0.982142857142857,1,1,0.946428571428571
11354,0.338167938931298,0.0580152671755725,0,0,0.298473282442748,0.732824427480916,0.991603053435114,0.915267175572519,0,0.999236641221374,0.816793893129771,0.819847328244275,0.999236641221374,0.9
11355,0.143778452200303,0.0367981790591806,0,0,0.290212443095599,0.750758725341426,0.999241274658574,0.915781487101669,0,0.998482549317147,0.944233687405159,0.794006069802731,1,0.954097116843703
11356,0.212699822380107,0.0399644760213144,0,0,0.380550621669627,0.858792184724689,1,0.811722912966252,0,0.998223801065719,0.492895204262877,0.656749555950266,0.99911190053286,0.973801065719361
11357,0.149354640442532,0.0288875230485556,0,0,0.226183159188691,0.845728334357714,0.999385371850031,0.948985863552551,0,0.998770743700061,0.963736939151813,0.825445605408728,1,0.980331899200983
11358,0.125443786982249,0.0449704142011834,0,0,0.365680473372781,0.627218934911243,1,0.897041420118343,0,1,0.882840236686391,0.803550295857988,1,0.978698224852071
11359,0,0.0769230769230769,0,0,0.230769230769231,0.615384615384615,1,0.923076923076923,0,1,1,1,1,1
11360,0.163992869875223,0.035650623885918,0,0,0.233511586452763,0.789661319073084,1,0.942959001782531,0,0.998217468805704,0.950089126559715,0.777183600713013,1,0.932263814616756
11361,0.161682984916645,0.0492193702037576,0,0,0.30166710770045,0.734585869277587,0.999470759460175,0.92775866631384,0,0.999735379730087,0.910293728499603,0.831172267795713,0.999470759460175,0.965599364911352
11362,0.214971209213052,0.0268714011516315,0,0,0.0978886756238004,0.809980806142035,1,0.986564299424184,0,1,0.994241842610365,0.942418426103647,1,0.99616122840691
11363,0.233252623083132,0.069410815173527,0,0,0.171105730427764,0.795803066989508,1,0.979822437449556,0,0.999192897497982,0.989507667473769,0.924939467312349,1,0.995964487489911
11364,0.172227231740307,0.0378719567177637,0,0,0.206492335437331,0.828674481514878,1,0.891794409377818,0,1,0.937781785392245,0.921550946798918,0.999098286744815,0.952209197475203
11365,0.170550322260783,0.0342092216162618,0,0,0.259295984134854,0.771938522558255,0.997521070897372,0.882994546355974,0,1,0.912741695587506,0.848785324739712,0.999504214179474,0.967278135845315
11366,0.153846153846154,0.0153846153846154,0,0,0.271794871794872,0.738461538461539,1,0.884615384615385,0,1,0.984615384615385,0.976923076923077,1,0.994871794871795
11367,0.1002331002331,0.0163170163170163,0,0,0.303030303030303,0.579254079254079,1,0.979020979020979,0,1,0.928904428904429,0.974358974358974,0.998834498834499,0.983682983682984
11368,0.159424379232506,0.052765237020316,0,0,0.281038374717833,0.775959367945824,0.997178329571106,0.954571106094808,0,0.993792325056433,0.917607223476298,0.806997742663657,0.999435665914221,0.963600451467269
11369,0.142857142857143,0.0341614906832298,0,0,0.272256728778468,0.728260869565217,0.989648033126294,0.942546583850932,0,0.999482401656315,0.930124223602484,0.891304347826087,1,0.975155279503106
11370,0.144304682040531,0.0548567435359888,0,0,0.304682040531097,0.639063591893781,0.994758909853249,0.947239692522711,0,0.996505939902166,0.938853948287911,0.872117400419287,0.999301187980433,0.977288609364081
11371,0.125,0,0,0,0.25,1,1,1,0,1,1,1,1,1
11372,0.154178230033919,0.0434782608695652,0,0,0.316990440949738,0.588960838729571,0.995066296638915,0.883132901634289,0,0.99568300955905,0.839962997224792,0.958371877890842,0.998149861239593,0.943262411347518
11373,0.170196860204336,0.0413655619237478,0,0,0.332170446050336,0.654124096685771,0.990530774981311,0.967854472962871,0,0.998006478943434,0.976825317717418,0.830301520059806,0.999252429603788,0.979068028906055
11374,0.156634519454606,0.0412371134020619,0,0,0.392750249418025,0.513136015962754,1,0.970069837046891,0,0.999334885267709,0.931160625207848,0.84137013634852,1,0.993681410043232
11375,0.153293622985284,0.0317098808689559,0,0,0.255255781359495,0.719516468114926,0.99562018220042,0.973896285914506,0,0.999299229152067,0.963209530483532,0.898388227049755,0.999649614576034,0.968114926419061
11377,0.139490445859873,0.0445859872611465,0,0,0.314331210191083,0.648089171974522,0.997770700636943,0.964012738853503,0,0.998089171974522,0.946496815286624,0.890127388535032,1,0.955095541401274
11378,0.223792697290931,0.0282685512367491,0,0,0.282685512367491,0.641931684334511,1,0.979976442873969,0,0.992932862190813,0.982332155477032,0.785630153121319,1,0.989399293286219
11379,0.118834080717489,0.0254110612855007,0,0,0.26457399103139,0.736173393124066,0.999252615844544,0.991031390134529,0,1,0.988789237668161,0.911061285500747,1,0.982810164424514
11385,0.20840160881871,0.0783554297631461,0,0,0.367049009384776,0.588410546700432,0.99895724713243,0.936094145687472,0,0.998361388350961,0.923879040667362,0.683598987040071,0.997467600178758,0.947117533144645
11411,0.287878787878788,0.0795454545454545,0,0,0.242424242424242,0.761363636363636,1,0.992424242424242,0,1,0.96969696969697,0.859848484848485,1,0.996212121212121
11412,0.136186770428016,0.0233463035019455,0,0,0.400778210116732,0.793774319066148,1,0.957198443579767,0,1,0.98443579766537,0.696498054474708,1,0.976653696498054
11413,0.166079516859587,0.0498238550578762,0,0,0.160543532964268,0.938600905888274,0.999496728736789,0.977352793155511,0,1,0.966784096628083,0.844992450931052,1,0.988928032209361
11414,0.176493710691824,0.0495283018867925,0,0,0.125393081761006,0.933569182389937,1,0.976808176100629,0,0.998034591194969,0.97877358490566,0.974449685534591,0.999606918238994,0.986635220125786
11415,0.193972179289026,0.0564142194744977,0,0,0.389489953632148,0.695517774343122,0.997681607418856,0.948995363214838,0,1,0.939721792890263,0.899536321483771,0.999227202472952,0.938948995363215
11416,0.306878306878307,0.0476190476190476,0,0,0.275132275132275,0.645502645502645,1,0.994708994708995,0,1,0.883597883597884,0.756613756613757,1,0.984126984126984
11417,0.154639175257732,0.0309278350515464,0,0,0.329896907216495,0.639175257731959,1,0.95360824742268,0,1,0.979381443298969,0.65979381443299,1,0.969072164948454
11418,0.134994807892004,0.0342679127725857,0,0,0.363447559709242,0.800623052959502,1,0.921079958463136,0,1,0.890965732087227,0.697819314641745,0.997923156801661,0.932502596053998
11419,0.269614835948645,0.0984308131241084,0,0,0.346647646219686,0.714693295292439,0.994293865905849,0.965763195435093,0,1,0.975748930099857,0.75320970042796,1,0.975748930099857
11420,0.161290322580645,0.0279569892473118,0,0,0.294623655913978,0.634408602150538,1,0.952688172043011,0,0.995698924731183,0.989247311827957,0.705376344086021,1,0.993548387096774
11421,0.255474452554745,0.0608272506082725,0,0,0.430656934306569,0.644768856447689,1,0.897810218978102,0,0.995133819951338,0.936739659367397,0.712895377128954,0.997566909975669,0.912408759124088
11422,0.113347921225383,0.038074398249453,0,0,0.188183807439825,0.933916849015317,1,0.961925601750547,0,1,0.953172866520788,0.791684901531729,0.999562363238512,0.989059080962801
11423,0.144,0.056,0,0,0.232,0.736,1,1,0,1,0.984,0.872,1,0.976
11426,0.211300309597523,0.0371517027863777,0,0,0.281733746130031,0.691176470588235,1,0.974458204334365,0,1,0.991486068111455,0.881578947368421,0.99922600619195,0.988390092879257
11427,0.251123090745732,0.0485175202156334,0,0,0.27088948787062,0.694070080862534,1,0.977987421383648,0,0.999550763701707,0.985175202156334,0.84052111410602,1,0.994159928122192
11428,0.230352303523035,0.0623306233062331,0,0,0.244444444444444,0.795663956639566,1,0.991327913279133,0,1,0.992953929539295,0.890514905149052,1,0.995121951219512
11429,0.137019230769231,0.0673076923076923,0,0,0.204326923076923,0.875,1,0.995192307692308,0,0.975961538461538,0.975961538461538,0.838942307692308,0.997596153846154,0.990384615384615
11430,0,0,0,0,0,1,1,1,0,1,1,1,1,1
11432,0.141263940520446,0.0282527881040892,0,0,0.226765799256506,0.761338289962825,1,0.970260223048327,0,1,0.924907063197026,0.754646840148699,1,0.94275092936803
11433,0.175126903553299,0.0279187817258883,0,0,0.302030456852792,0.799492385786802,1,0.99238578680203,0,0.99492385786802,0.931472081218274,0.822335025380711,1,0.977157360406091
11434,0.202634245187437,0.0476190476190476,0,0,0.16919959473151,0.890577507598784,1,0.982776089159068,0,1,0.955420466058764,0.88855116514691,1,0.977710233029382
11435,0.144607843137255,0.0441176470588235,0,0,0.330882352941176,0.718137254901961,1,0.963235294117647,0,1,0.987745098039216,0.848039215686274,1,0.997549019607843
11436,0.112956810631229,0.0199335548172757,0,0,0.315614617940199,0.800664451827243,1,0.913621262458472,0,1,0.991694352159468,0.92358803986711,1,0.990033222591362
11559,0.277777777777778,0.166666666666667,0,0,0.333333333333333,0.888888888888889,1,0.833333333333333,0,1,0.888888888888889,0.916666666666667,1,0.916666666666667
11691,0.219683655536028,0.059402460456942,0,0,0.172231985940246,0.868014059753954,0.999648506151142,0.962917398945518,0,0.999824253075571,0.97469244288225,0.912478031634446,0.999297012302285,0.974868189806678
11692,0.266773162939297,0.113418530351438,0,0,0.134185303514377,0.950479233226837,1,0.963791267305644,0,0.999467518636848,0.954206602768903,0.875931842385516,1,0.919595314164004
11693,0.266813671444322,0.18412348401323,0,0,0.0628445424476295,0.959206174200662,0.998897464167585,0.979051819184123,0,0.996692392502756,0.96361631753032,0.878721058434399,1,0.948180815876516
11694,0.23738429381905,0.107793371155569,0,0,0.118841445207525,0.939683487608241,0.999701403404001,0.917885936100328,0,0.997909823828008,0.923559271424306,0.949537175276202,1,0.932815765900269
11697,0.266666666666667,0.533333333333333,0,0,0,1,1,1,0,1,1,1,1,1
